"sku","product","aekobaba_listing_source_url","minimum_order_quantity","moq_unit","lead_time_days","case_pack_units","pallet_quantity","in_stock_yes_no","notes"
"3351B09-B","8 oz Clear PET Plastic Honey Bear Bottles (Cap Not Included)","https://www.berlinpackaging.com/3351b09-b-8-oz-clear-pet-plastic-honey-bear-bottles-cap-not-included/","","","","","","",""
"3351B09","8 oz Clear PET Plastic Honey Bear Bottles (Yellow Flip Top Cap)","https://www.berlinpackaging.com/3351b09-8-oz-clear-pet-plastic-honey-bear-bottles-yellow-flip-top-cap/","","","","","","",""
"33512","8 oz Clear PET Plastic Honey Bear Bottles (Flip-Top Cap)","https://www.berlinpackaging.com/33512-8-oz-clear-pet-plastic-honey-bear-bottles-flip-top-cap/","","","","","","",""
"33512-B","8 oz Clear PET Plastic Honey Bear Bottles (Cap Not Included)","https://www.berlinpackaging.com/33512-b-8-oz-clear-pet-plastic-honey-bear-bottles-cap-not-included/","","","","","","",""
"324050","17 oz Clear PET Plastic Honey Bear Bottles (Cap Not Included)","https://www.berlinpackaging.com/17-oz-clear-pet-plastic-honey-bear-bottles-cap-not-included-324050/","","","","","","",""
"2310B05WHT","8 oz Clear PET Spice Jars (White Cap)","https://www.berlinpackaging.com/2310b05wht-8-4-oz-clear-pet-spice-jars-white-cap/","","","","","","",""
"322420-K","4 oz Clear PET Plastic Spice Jar (Black Cap)","https://www.berlinpackaging.com/4-oz-clear-pet-plastic-spice-jar-black-cap-322420-k/","","","","","","",""
"322420-B","4 oz Clear PET Plastic Spice Jar (Red Cap)","https://www.berlinpackaging.com/4-oz-clear-pet-plastic-spice-jar-red-cap-322420-b/","","","","","","",""
"337048","3.5 oz 100% PCR Aluminum Packer Bottle","https://www.berlinpackaging.com/3-5-oz-38-400-100-pct-pcr-aluminum-packer-bottle-337048/","","","","","","",""
